{"cameraMode":{"drawMode":0,"name":"Shaded","section":"Shading Mode"},"sceneLighting":true,"audioPlay":false,"sceneViewState":{"showFog":true,"showMaterialUpdate":false,"showSkybox":true,"showFlares":true,"showImageEffects":true,"showParticleSystems":true},"in2DMode":false,"pivot":{"x":44.33297348022461,"y":49.99999237060547,"z":-33.658607482910159},"rotation":{"x":0.20476408302783967,"y":-0.3191157877445221,"z":0.07082385569810868,"w":0.9226186871528626},"size":183.89837646484376,"orthographic":true}