{"cameraMode":{"drawMode":0,"name":"Shaded","section":"Shading Mode"},"sceneLighting":true,"audioPlay":false,"sceneViewState":{"showFog":true,"showMaterialUpdate":false,"showSkybox":true,"showFlares":true,"showImageEffects":true,"showParticleSystems":true},"in2DMode":false,"pivot":{"x":19.269590377807618,"y":11.432287216186524,"z":8.488236427307129},"rotation":{"x":0.12758800387382508,"y":-0.28236252069473269,"z":0.037921030074357989,"w":0.9500324726104736},"size":7.357625961303711,"orthographic":true}