{"cameraMode":{"drawMode":0,"name":"Shaded","section":"Shading Mode"},"sceneLighting":false,"audioPlay":false,"sceneViewState":{"showFog":true,"showMaterialUpdate":false,"showSkybox":false,"showFlares":true,"showImageEffects":true,"showParticleSystems":true},"in2DMode":false,"pivot":{"x":1.598649501800537,"y":-3.4385995864868166,"z":0.058617353439331058},"rotation":{"x":0.16373346745967866,"y":-0.6118924617767334,"z":0.1313803642988205,"w":0.7625760436058044},"size":15.172258377075196,"orthographic":false}