{"cameraMode":{"drawMode":0,"name":"Shaded","section":"Shading Mode"},"sceneLighting":true,"audioPlay":false,"sceneViewState":{"showFog":true,"showMaterialUpdate":false,"showSkybox":true,"showFlares":true,"showImageEffects":true,"showParticleSystems":true},"in2DMode":false,"pivot":{"x":132.80624389648438,"y":109.4690170288086,"z":-141.7999725341797},"rotation":{"x":0.20263496041297913,"y":-0.14626675844192506,"z":0.030625227838754655,"w":0.967786967754364},"size":2.511301279067993,"orthographic":true}