{"cameraMode":{"drawMode":0,"name":"Shaded","section":"Shading Mode"},"sceneLighting":false,"audioPlay":false,"sceneViewState":{"showFog":true,"showMaterialUpdate":false,"showSkybox":false,"showFlares":true,"showImageEffects":true,"showParticleSystems":true},"in2DMode":false,"pivot":{"x":-0.0024042129516601564,"y":3.5,"z":0.0024023056030273439},"rotation":{"x":0.2151821255683899,"y":0.013183403760194779,"z":-0.0029055846389383079,"w":0.976483166217804},"size":21.24355125427246,"orthographic":false}