{"cameraMode":{"drawMode":0,"name":"Shaded","section":"Shading Mode"},"sceneLighting":true,"audioPlay":false,"sceneViewState":{"showFog":true,"showMaterialUpdate":false,"showSkybox":true,"showFlares":true,"showImageEffects":true,"showParticleSystems":true},"in2DMode":false,"pivot":{"x":16.77228546142578,"y":11.965211868286133,"z":23.811500549316408},"rotation":{"x":-0.3791502118110657,"y":0.2564694583415985,"z":-0.11021872609853745,"w":-0.882229745388031},"size":25.355709075927736,"orthographic":false}