{"cameraMode":{"drawMode":0,"name":"Shaded","section":"Shading Mode"},"sceneLighting":false,"audioPlay":false,"sceneViewState":{"showFog":true,"showMaterialUpdate":false,"showSkybox":false,"showFlares":true,"showImageEffects":true,"showParticleSystems":true},"in2DMode":false,"pivot":{"x":-0.3822713792324066,"y":-0.8026220798492432,"z":11.73367977142334},"rotation":{"x":-0.21358278393745423,"y":-0.47133615612983706,"z":0.11879719793796539,"w":-0.8474196791648865},"size":8.533167839050293,"orthographic":false}