{"cameraMode":{"drawMode":0,"name":"Shaded","section":"Shading Mode"},"sceneLighting":false,"audioPlay":false,"sceneViewState":{"showFog":true,"showMaterialUpdate":false,"showSkybox":false,"showFlares":true,"showImageEffects":true,"showParticleSystems":true},"in2DMode":false,"pivot":{"x":0.005025148391723633,"y":5.5,"z":-0.005025386810302734},"rotation":{"x":0.12758800387382508,"y":-0.28236252069473269,"z":0.037921030074357989,"w":0.9500324726104736},"size":11.986600875854493,"orthographic":true}