{"cameraMode":{"drawMode":0,"name":"Shaded","section":"Shading Mode"},"sceneLighting":true,"audioPlay":false,"sceneViewState":{"showFog":true,"showMaterialUpdate":false,"showSkybox":true,"showFlares":true,"showImageEffects":true,"showParticleSystems":true},"in2DMode":false,"pivot":{"x":47.01945495605469,"y":27.148990631103517,"z":-25.693042755126954},"rotation":{"x":0.20263496041297913,"y":-0.14626675844192506,"z":0.030625227838754655,"w":0.967786967754364},"size":8.971067428588868,"orthographic":true}